id,title,artist_id,genre,duration_seconds
song-1,Boy Named Sue,artist-17,Country,336
song-2,Fading Storms,artist-18,Country,317
song-3,High Life,artist-15,Electronic,205
song-4,Your Song,artist-6,Pop,199
song-5,Three Little Birds,artist-14,Reggae,185
song-6,Dark Mountains,artist-14,Reggae,298
song-7,Frozen,artist-9,Pop,247
song-8,Golden Shadows,artist-19,Classical,305
song-9,Punky Reggae Party,artist-14,Reggae,291
song-10,Distant Skies,artist-11,Jazz,191
song-11,The Winner Takes It All,artist-6,Pop,276
song-12,Dark Shadows,artist-10,Pop,157
song-13,Naima,artist-11,Jazz,175
song-14,Beyond,artist-16,Electronic,263
song-15,Rocket Man,artist-9,Pop,331
song-16,Mr PC,artist-13,Jazz,394
song-17,Is This Love,artist-14,Reggae,230
song-18,Wild Skies,artist-15,Electronic,228
song-19,Bright Waves,artist-2,Rock,327
song-20,Distant Dreams,artist-2,Rock,299
song-21,Tuesdays Gone,artist-5,Rock,389
song-22,Badlands,artist-2,Rock,410
song-23,Golden Shadows,artist-3,Rock,345
song-24,Bright Skies,artist-6,Pop,208
song-25,Last Dreams,artist-19,Classical,295
song-26,Nefertiti,artist-11,Jazz,234
song-27,We Will Rock You,artist-4,Rock,324
song-28,Dark Stars,artist-9,Pop,306
song-29,Hotel California,artist-1,Rock,344
song-30,Take It Easy,artist-3,Rock,233
song-31,Lost Skies,artist-8,Pop,315
song-32,One Love,artist-14,Reggae,187
song-33,ESP,artist-12,Jazz,151
song-34,Come Together,artist-7,Pop,341
song-35,Wild Mountains,artist-5,Rock,403
song-36,What a Wonderful World,artist-13,Jazz,270
song-37,Rising Lights,artist-20,Classical,160
song-38,Radioactivity,artist-16,Electronic,241
song-39,Here You Come Again,artist-17,Country,305
song-40,Folsom Prison Blues,artist-17,Country,347
song-41,Man in the Mirror,artist-10,Pop,204
song-42,Rising Lights,artist-9,Pop,375
song-43,Dark Lights,artist-3,Rock,274
song-44,Last Dreams,artist-10,Pop,302
song-45,Thunderstruck,artist-5,Rock,163
song-46,Two Doors Down,artist-18,Country,257
song-47,Beat It,artist-6,Pop,286
song-48,Born to Run,artist-5,Rock,369
song-49,Ghost Riders in the Sky,artist-17,Country,303
song-50,Eternal Rivers,artist-3,Rock,265
song-51,Silent Rivers,artist-16,Electronic,297
song-52,Bright Stars,artist-19,Classical,344
song-53,Silent Waves,artist-16,Electronic,376
song-54,Love Is Like a Butterfly,artist-18,Country,314
song-55,Black Dog,artist-2,Rock,221
song-56,Golden Dreams,artist-9,Pop,394
song-57,Bicycle Race,artist-5,Rock,300
song-58,Electric Memories,artist-17,Country,208
song-59,Like a Virgin,artist-6,Pop,186
song-60,Distant Memories,artist-8,Pop,291
song-61,Bright Shadows,artist-9,Pop,298
song-62,Autobahn,artist-15,Electronic,248
song-63,My Favorite Things,artist-11,Jazz,181
song-64,We Have All the Time in the World,artist-12,Jazz,417
song-65,Bright Memories,artist-6,Pop,390
song-66,Bright Memories,artist-8,Pop,330
song-67,Another One Bites the Dust,artist-4,Rock,199
song-68,Smoke on the Water,artist-1,Rock,194
song-69,Golden Voices,artist-14,Reggae,419
song-70,Distant Rivers,artist-11,Jazz,258
song-71,Last Dreams,artist-20,Classical,228
song-72,Pathetique Sonata,artist-19,Classical,162
song-73,Last Dreams,artist-18,Country,386
song-74,Golden Shadows,artist-8,Pop,346
song-75,Spring Sonata,artist-19,Classical,346
song-76,First Waves,artist-16,Electronic,296
song-77,Broken Horizons,artist-13,Jazz,368
song-78,Rebel Music,artist-14,Reggae,216
song-79,Fernando,artist-8,Pop,374
song-80,Islands in the Stream,artist-18,Country,357
song-81,Dont Let the Sun Go Down on Me,artist-7,Pop,247
song-82,Midnight Storms,artist-3,Rock,314
song-83,Wild Storms,artist-19,Classical,160
song-84,Circle of Life,artist-10,Pop,379
song-85,Dark Shadows,artist-7,Pop,182
song-86,Rising Horizons,artist-1,Rock,217
song-87,Digital Love,artist-15,Electronic,171
song-88,Lost Voices,artist-18,Country,214
song-89,Exodus,artist-14,Reggae,209
song-90,Like a Prayer,artist-8,Pop,186
song-91,Midnight Dreams,artist-6,Pop,307
song-92,First Voices,artist-16,Electronic,212
song-93,Lacrimosa,artist-20,Classical,312
song-94,Let It Be,artist-8,Pop,409
song-95,I Will Always Love You,artist-17,Country,365
song-96,Distant Dreams,artist-12,Jazz,261
song-97,First Stars,artist-10,Pop,369
song-98,Ray of Light,artist-7,Pop,217
song-99,The River,artist-4,Rock,196
song-100,Voulez-Vous,artist-10,Pop,262
song-101,Impressions,artist-11,Jazz,245
song-102,Fading Echoes,artist-15,Electronic,407
song-103,Silent Skies,artist-4,Rock,232
song-104,Mack the Knife,artist-13,Jazz,191
song-105,Freddie Freeloader,artist-11,Jazz,376
song-106,Hurt,artist-17,Country,373
song-107,Bright Roads,artist-11,Jazz,293
song-108,Eternal Lights,artist-3,Rock,273
song-109,I Want to Break Free,artist-4,Rock,190
song-110,Golden Waves,artist-14,Reggae,401
song-111,Mother,artist-5,Rock,284
song-112,Free Bird,artist-2,Rock,231
song-113,Golden Memories,artist-20,Classical,385
song-114,Dark Roads,artist-14,Reggae,397
song-115,Midnight Mountains,artist-14,Reggae,219
song-116,Old Flames,artist-18,Country,259
song-117,Something About Us,artist-16,Electronic,229
song-118,Eternal Rivers,artist-12,Jazz,185
song-119,We Are the Champions,artist-3,Rock,229
song-120,Broken Rivers,artist-19,Classical,287
song-121,Fading Stars,artist-14,Reggae,289
song-122,Dark Waves,artist-17,Country,294
song-123,Footprints,artist-12,Jazz,285
song-124,Crazy Train,artist-1,Rock,261
song-125,Distant Dreams,artist-19,Classical,175
song-126,Im Still Standing,artist-6,Pop,277
song-127,The Wall,artist-2,Rock,405
song-128,Eine Kleine Nachtmusik,artist-20,Classical,354
song-129,Dark Storms,artist-5,Rock,185
song-130,Eternal Horizons,artist-12,Jazz,186
song-131,Eternal Roads,artist-6,Pop,206
song-132,Rising Waves,artist-12,Jazz,392
song-133,Rising Echoes,artist-14,Reggae,331
song-134,Rising Horizons,artist-15,Electronic,304
song-135,Fading Waves,artist-20,Classical,265
song-136,Help,artist-6,Pop,214
song-137,Whole Lotta Love,artist-5,Rock,364
song-138,Redemption Song,artist-14,Reggae,384
song-139,Tennessee Mountain Home,artist-18,Country,376
song-140,Broken Echoes,artist-19,Classical,177
song-141,Broken Skies,artist-11,Jazz,344
song-142,The Marriage of Figaro,artist-19,Classical,212
song-143,Ave Verum Corpus,artist-20,Classical,408
song-144,Numbers,artist-15,Electronic,372
song-145,Could You Be Loved,artist-14,Reggae,217
song-146,Fading Lights,artist-15,Electronic,281
song-147,First Waves,artist-9,Pop,155
song-148,Kind of Blue,artist-11,Jazz,157
song-149,Learning to Fly,artist-2,Rock,311
song-150,Electric Rivers,artist-20,Classical,178
song-151,Silent Voices,artist-16,Electronic,345
song-152,Midnight Memories,artist-4,Rock,377
song-153,First Shadows,artist-16,Electronic,380
song-154,Golden Memories,artist-19,Classical,255
song-155,Wild Waves,artist-12,Jazz,301
song-156,No Woman No Cry,artist-14,Reggae,384
song-157,Fading Mountains,artist-13,Jazz,353
song-158,Face to Face,artist-15,Electronic,241
song-159,Wild Voices,artist-4,Rock,310
song-160,Broken Mountains,artist-9,Pop,385
song-161,Knowing Me Knowing You,artist-8,Pop,160
song-162,Distant Storms,artist-16,Electronic,301
song-163,Bad,artist-8,Pop,372
song-164,Fading Shadows,artist-3,Rock,214
song-165,Fading Roads,artist-1,Rock,196
song-166,Sun Is Shining,artist-14,Reggae,294
song-167,Kashmir,artist-2,Rock,379
song-168,Electric Shadows,artist-18,Country,337
song-169,Silent Dreams,artist-16,Electronic,316
song-170,Iron Man,artist-1,Rock,165
song-171,When the Saints Go Marching In,artist-13,Jazz,170
song-172,Fading Voices,artist-13,Jazz,191
song-173,Midnight Mountains,artist-5,Rock,405
song-174,Last Mountains,artist-13,Jazz,337
song-175,Harder Better Faster Stronger,artist-16,Electronic,336
song-176,Dont Stop Me Now,artist-1,Rock,197
song-177,Dark Lights,artist-19,Classical,346
song-178,Equinox,artist-13,Jazz,230
song-179,First Mountains,artist-2,Rock,308
song-180,Last Waves,artist-19,Classical,400
song-181,Lost Mountains,artist-20,Classical,272
song-182,Midnight Voices,artist-3,Rock,393
song-183,Tiny Dancer,artist-9,Pop,360
song-184,Golden Roads,artist-10,Pop,323
song-185,Dark Roads,artist-1,Rock,352
song-186,Broken Flames,artist-20,Classical,370
song-187,Electric Rivers,artist-8,Pop,306
song-188,Thunder Road,artist-1,Rock,162
song-189,Golden Dreams,artist-14,Reggae,380
song-190,Distant Waves,artist-10,Pop,330
song-191,Wish You Were Here,artist-5,Rock,275
song-192,Aerodynamic,artist-15,Electronic,361
song-193,Man in Black,artist-17,Country,416
song-194,Basin Street Blues,artist-12,Jazz,217
song-195,Last Mountains,artist-14,Reggae,176
song-196,Bright Shadows,artist-20,Classical,151
song-197,Midnight Stars,artist-12,Jazz,359
song-198,Afro Blue,artist-11,Jazz,184
song-199,Jamming,artist-14,Reggae,409
song-200,In a Silent Way,artist-12,Jazz,399
song-201,Midnight Waves,artist-1,Rock,309
song-202,Somebody to Love,artist-2,Rock,322
song-203,Flamenco Sketches,artist-13,Jazz,200
song-204,I Shot the Sheriff,artist-14,Reggae,218
song-205,Ring of Fire,artist-18,Country,411
song-206,Turn Your Lights Down Low,artist-14,Reggae,325
song-207,Crocodile Rock,artist-9,Pop,177
song-208,Thriller,artist-10,Pop,155
song-209,Stairway to Heaven,artist-5,Rock,292
song-210,Rising Rivers,artist-9,Pop,383
song-211,Wild Stars,artist-11,Jazz,230
song-212,Billie Jean,artist-10,Pop,278
song-213,Silent Rivers,artist-4,Rock,295
song-214,Lost Shadows,artist-17,Country,319
song-215,Rising Echoes,artist-16,Electronic,358
song-216,Bennie and the Jets,artist-6,Pop,181
song-217,Central Park West,artist-11,Jazz,410
song-218,Lost Rivers,artist-9,Pop,247
song-219,Last Voices,artist-12,Jazz,195
song-220,Broken Stars,artist-8,Pop,335
song-221,Wild Stars,artist-8,Pop,361
song-222,Jolene,artist-18,Country,356
song-223,Fortunate Son,artist-1,Rock,206
song-224,Fading Dreams,artist-14,Reggae,315
song-225,Paranoid,artist-5,Rock,366
song-226,Wild Dreams,artist-7,Pop,365
song-227,Highway Star,artist-3,Rock,275
song-228,Stir It Up,artist-14,Reggae,304
song-229,All Blues,artist-11,Jazz,292
song-230,The Magic Flute,artist-19,Classical,204
song-231,Fading Voices,artist-5,Rock,362
song-232,The Model,artist-16,Electronic,318
song-233,Electric Mountains,artist-7,Pop,278
song-234,Distant Stars,artist-1,Rock,181
song-235,Distant Stars,artist-14,Reggae,398
song-236,Last Storms,artist-19,Classical,344
song-237,Midnight Horizons,artist-3,Rock,355
song-238,Requiem,artist-19,Classical,225
song-239,Here Comes the Sun,artist-10,Pop,315
song-240,Broken Echoes,artist-15,Electronic,305
song-241,Comfortably Numb,artist-1,Rock,237
song-242,Midnight Echoes,artist-8,Pop,219
song-243,Wild Lights,artist-20,Classical,410
song-244,Mamma Mia,artist-7,Pop,252
song-245,Kaya,artist-14,Reggae,197
song-246,Veridis Quo,artist-15,Electronic,233
song-247,Silent Voices,artist-14,Reggae,239
song-248,Good Times Bad Times,artist-5,Rock,335
song-249,Don Giovanni,artist-20,Classical,175
song-250,Midnight Stars,artist-9,Pop,323
song-251,Back in Black,artist-2,Rock,408
song-252,Sweet Home Alabama,artist-4,Rock,182
song-253,Material Girl,artist-6,Pop,267
song-254,Lost Skies,artist-2,Rock,300
song-255,Silent Skies,artist-18,Country,343
song-256,Last Echoes,artist-12,Jazz,338
song-257,Within,artist-16,Electronic,306
song-258,Fading Rivers,artist-19,Classical,357
song-259,Rock and Roll,artist-1,Rock,173
song-260,Get Rhythm,artist-18,Country,359
song-261,Bohemian Rhapsody,artist-1,Rock,231
song-262,Dark Flames,artist-7,Pop,342
song-263,Silent Mountains,artist-16,Electronic,168
song-264,Dark Rivers,artist-6,Pop,216
song-265,Midnight Memories,artist-13,Jazz,157
song-266,Wild Horizons,artist-4,Rock,274
song-267,Midnight Memories,artist-9,Pop,265
song-268,First Rivers,artist-19,Classical,163
song-269,Wild Waves,artist-17,Country,300
song-270,La Vie En Rose,artist-12,Jazz,211
song-271,Eternal Mountains,artist-11,Jazz,156
song-272,Dogs,artist-3,Rock,355
song-273,Eternal Shadows,artist-10,Pop,374
song-274,Smooth Criminal,artist-8,Pop,207
song-275,Last Stars,artist-6,Pop,175
song-276,Distant Mountains,artist-1,Rock,388
song-277,Eternal Storms,artist-15,Electronic,157
song-278,Bright Memories,artist-17,Country,398
song-279,Broken Storms,artist-11,Jazz,246
song-280,Bitches Brew,artist-11,Jazz,247
song-281,Distant Horizons,artist-5,Rock,216
song-282,La Isla Bonita,artist-7,Pop,392
song-283,Across the Universe,artist-10,Pop,234
song-284,9 to 5,artist-18,Country,215
song-285,Electric Mountains,artist-3,Rock,170
song-286,Bright Rivers,artist-14,Reggae,262
song-287,Trans-Europe Express,artist-16,Electronic,185
song-288,Last Echoes,artist-15,Electronic,201
song-289,Eternal Flames,artist-9,Pop,234
song-290,Midnight Horizons,artist-18,Country,256
song-291,Rising Lights,artist-16,Electronic,162
song-292,First Dreams,artist-5,Rock,230
song-293,Lost Memories,artist-11,Jazz,274
song-294,Lost Lights,artist-10,Pop,294
song-295,Four,artist-11,Jazz,355
song-296,Electric Shadows,artist-16,Electronic,208
song-297,Milestones,artist-11,Jazz,271
song-298,Broken Memories,artist-12,Jazz,412
song-299,First Voices,artist-10,Pop,410
song-300,Ode to Joy,artist-19,Classical,251
song-301,Summertime,artist-12,Jazz,396
song-302,Midnight Mountains,artist-12,Jazz,333
song-303,Sunday Mornin Comin Down,artist-18,Country,310
song-304,A Kind of Magic,artist-5,Rock,213
song-305,Fading Echoes,artist-8,Pop,297
song-306,Dancing Queen,artist-10,Pop,366
song-307,Dark Waves,artist-16,Electronic,299
song-308,While My Guitar Gently Weeps,artist-8,Pop,420
song-309,Golden Mountains,artist-16,Electronic,184
song-310,Bright Mountains,artist-9,Pop,170
song-311,Silent Echoes,artist-18,Country,244
song-312,The Way You Make Me Feel,artist-10,Pop,241
song-313,War,artist-14,Reggae,207
song-314,First Waves,artist-8,Pop,182
song-315,Last Storms,artist-4,Rock,386
song-316,Bright Horizons,artist-6,Pop,309
song-317,Dark Horizons,artist-11,Jazz,208
song-318,Dancing in the Dark,artist-5,Rock,354
song-319,Buffalo Soldier,artist-14,Reggae,187
song-320,Silent Mountains,artist-9,Pop,345
song-321,A Hard Days Night,artist-6,Pop,398
song-322,Hey Jude,artist-10,Pop,251
song-323,Blue in Green,artist-12,Jazz,277
song-324,Vogue,artist-10,Pop,271
song-325,Midnight Voices,artist-10,Pop,270
song-326,Da Funk,artist-15,Electronic,339
song-327,Candle in the Wind,artist-9,Pop,323
song-328,Super Trouper,artist-10,Pop,267
song-329,Eternal Mountains,artist-15,Electronic,292
song-330,Last Shadows,artist-15,Electronic,397
song-331,Highway to Hell,artist-5,Rock,251
song-332,Voyager,artist-16,Electronic,360
song-333,Rising Mountains,artist-13,Jazz,234
song-334,Coat of Many Colors,artist-18,Country,239
song-335,Electric Waves,artist-2,Rock,416
song-336,Run Like Hell,artist-2,Rock,285
song-337,Dark Flames,artist-2,Rock,329
song-338,Black or White,artist-7,Pop,382
song-339,First Waves,artist-5,Rock,268
song-340,Lost Stars,artist-3,Rock,310
song-341,Contact,artist-15,Electronic,264
song-342,Fading Memories,artist-18,Country,397
song-343,Silent Echoes,artist-13,Jazz,413
song-344,Fading Mountains,artist-8,Pop,404
song-345,Broken Echoes,artist-5,Rock,265
song-346,Rock with You,artist-6,Pop,284
song-347,Tour de France,artist-16,Electronic,169
song-348,Bright Dreams,artist-7,Pop,286
song-349,Silent Horizons,artist-15,Electronic,354
song-350,Lost Dreams,artist-10,Pop,402
song-351,Golden Voices,artist-1,Rock,196
song-352,Yesterday,artist-7,Pop,150
song-353,Electric Mountains,artist-19,Classical,160
song-354,Bright Dreams,artist-3,Rock,300
song-355,Have a Cigar,artist-2,Rock,166
song-356,Silent Echoes,artist-1,Rock,404
song-357,Strawberry Fields Forever,artist-8,Pop,272
song-358,Silent Roads,artist-11,Jazz,193
song-359,Eternal Stars,artist-15,Electronic,191
song-360,A Love Supreme,artist-12,Jazz,261
song-361,Dream a Little Dream of Me,artist-11,Jazz,310
song-362,The Robots,artist-16,Electronic,319
song-363,Silent Dreams,artist-6,Pop,223
song-364,Wild Shadows,artist-17,Country,288
song-365,Young Lust,artist-2,Rock,276
song-366,Soul Rebel,artist-14,Reggae,151
song-367,Life in the Fast Lane,artist-3,Rock,331
song-368,Africa Unite,artist-14,Reggae,368
song-369,Rising Shadows,artist-9,Pop,222
song-370,Midnight Horizons,artist-15,Electronic,196
song-371,Immigrant Song,artist-5,Rock,248
song-372,Electric Lights,artist-16,Electronic,291
song-373,Rising Rivers,artist-18,Country,168
song-374,Wild Flames,artist-8,Pop,406
song-375,Jackson,artist-18,Country,185
song-376,Neon Lights,artist-15,Electronic,209
song-377,St James Infirmary Blues,artist-12,Jazz,283
song-378,Fragments of Time,artist-15,Electronic,385
song-379,Short Circuit,artist-15,Electronic,286
song-380,Eleanor Rigby,artist-7,Pop,393
song-381,Dark Shadows,artist-16,Electronic,202
song-382,Distant Memories,artist-14,Reggae,279
song-383,Midnight Rivers,artist-1,Rock,316
song-384,Electric Voices,artist-3,Rock,372
song-385,Fur Elise,artist-19,Classical,295
song-386,Broken Lights,artist-15,Electronic,224
song-387,Tutu,artist-12,Jazz,296
song-388,Under Pressure,artist-5,Rock,285
song-389,Eternal Dreams,artist-19,Classical,318
song-390,Bright Rivers,artist-18,Country,163
song-391,Broken Lights,artist-9,Pop,373
song-392,Pigs,artist-3,Rock,183
song-393,First Memories,artist-17,Country,286
song-394,One More Time,artist-15,Electronic,370
song-395,Midnight Waves,artist-17,Country,258
song-396,Dark Shadows,artist-3,Rock,301
song-397,Desperado,artist-3,Rock,382
song-398,Fading Lights,artist-8,Pop,318
song-399,Broken Dreams,artist-12,Jazz,302
song-400,Wild Horizons,artist-18,Country,378
song-401,Electric Skies,artist-6,Pop,304
song-402,Satisfy My Soul,artist-14,Reggae,285
song-403,Papa Dont Preach,artist-6,Pop,166
song-404,Fading Voices,artist-19,Classical,297
song-405,Golden Stars,artist-7,Pop,331
song-406,Waldstein Sonata,artist-20,Classical,187
song-407,Killer Queen,artist-1,Rock,385
song-408,Dark Shadows,artist-14,Reggae,229
song-409,Rising Memories,artist-5,Rock,199
song-410,Last Rivers,artist-16,Electronic,204
song-411,Dark Stars,artist-16,Electronic,379
song-412,Rising Rivers,artist-4,Rock,221
song-413,Computer Love,artist-16,Electronic,329
song-414,Wild Stars,artist-12,Jazz,364
song-415,Distant Lights,artist-4,Rock,248
song-416,Broken Stars,artist-15,Electronic,324
song-417,Hey You,artist-4,Rock,384
song-418,Fading Storms,artist-9,Pop,164
song-419,Eternal Mountains,artist-10,Pop,173
song-420,On the Sunny Side of the Street,artist-11,Jazz,285
song-421,Too Long,artist-16,Electronic,169
song-422,Ramble On,artist-1,Rock,269
song-423,Radio Ga Ga,artist-3,Rock,326
song-424,Appassionata,artist-20,Classical,362
song-425,Symphony No 40,artist-20,Classical,262
song-426,Wild Horizons,artist-2,Rock,373
song-427,Money,artist-2,Rock,386
song-428,Broken Dreams,artist-13,Jazz,322
song-429,Lose Yourself to Dance,artist-15,Electronic,331
song-430,When the Levee Breaks,artist-2,Rock,298
song-431,Dark Flames,artist-11,Jazz,330
song-432,Hello Dolly,artist-13,Jazz,276
song-433,Bright Stars,artist-2,Rock,336
song-434,Get Up Stand Up,artist-14,Reggae,339
song-435,Distant Waves,artist-20,Classical,180
song-436,Symphony No 9,artist-19,Classical,308
song-437,Rondo Alla Turca,artist-20,Classical,218
song-438,New Kid in Town,artist-2,Rock,286
song-439,Symphony No 5,artist-20,Classical,197
song-440,Penny Lane,artist-6,Pop,273
song-441,Natural Mystic,artist-14,Reggae,229
song-442,Distant Waves,artist-19,Classical,316
song-443,Lively Up Yourself,artist-14,Reggae,278
song-444,Midnight Lights,artist-4,Rock,363
song-445,Golden Lights,artist-6,Pop,188
song-446,Dark Horizons,artist-15,Electronic,186
song-447,Distant Storms,artist-15,Electronic,274
song-448,Broken Echoes,artist-11,Jazz,279
song-449,Emperor Concerto,artist-19,Classical,275
song-450,Dark Rivers,artist-16,Electronic,273
song-451,Wild Skies,artist-9,Pop,341
song-452,Silent Horizons,artist-8,Pop,194
song-453,Golden Voices,artist-10,Pop,164
song-454,Piano Concerto No 21,artist-19,Classical,415
song-455,Wild Rivers,artist-11,Jazz,388
song-456,Bright Flames,artist-13,Jazz,380
song-457,First Roads,artist-18,Country,230
song-458,SOS,artist-7,Pop,182
song-459,Time,artist-4,Rock,288
song-460,Dark Rivers,artist-9,Pop,406
song-461,Silent Skies,artist-14,Reggae,224
song-462,Electric Flames,artist-14,Reggae,242
song-463,Twist and Shout,artist-10,Pop,190
song-464,Midnight Horizons,artist-7,Pop,301
song-465,Gimme Gimme Gimme,artist-10,Pop,381
song-466,Express Yourself,artist-10,Pop,392
song-467,Giant Steps,artist-13,Jazz,310
song-468,Something,artist-9,Pop,159
song-469,Glory Days,artist-3,Rock,262
song-470,Round Midnight,artist-11,Jazz,358
song-471,Norwegian Wood,artist-6,Pop,335
song-472,Distant Flames,artist-4,Rock,382
song-473,Wild Echoes,artist-18,Country,265
song-474,Last Mountains,artist-12,Jazz,205
song-475,Electric Horizons,artist-14,Reggae,172
song-476,Instant Crush,artist-15,Electronic,277
song-477,Get Lucky,artist-15,Electronic,333
song-478,Last Roads,artist-7,Pop,346
song-479,Wild Echoes,artist-12,Jazz,216
song-480,Hung Up,artist-8,Pop,398
song-481,Rising Mountains,artist-19,Classical,399
song-482,Bright Dreams,artist-8,Pop,252
song-483,Simple Man,artist-4,Rock,345
song-484,Fading Voices,artist-4,Rock,256
song-485,Last Stars,artist-5,Rock,163
song-486,Shine On You Crazy Diamond,artist-5,Rock,262
song-487,Waterloo,artist-8,Pop,354
song-488,Last Stars,artist-4,Rock,271
song-489,Zimbabwe,artist-14,Reggae,232
song-490,So What,artist-11,Jazz,366
song-491,Around the World,artist-15,Electronic,226
song-492,Last Skies,artist-18,Country,344
song-493,Waiting in Vain,artist-14,Reggae,303
song-494,Lost Shadows,artist-9,Pop,176
song-495,Pocket Calculator,artist-16,Electronic,310
song-496,Brain Damage,artist-3,Rock,178
song-497,Last Echoes,artist-16,Electronic,159
song-498,I Walk the Line,artist-17,Country,280
song-499,Eternal Flames,artist-12,Jazz,367
song-500,Moonlight Sonata,artist-20,Classical,236
